date,high,low,open,close,volume,quoteVolume,weightedAverage
1/1/2021,29599,28656.90352,28917.89607,29330.13586,28527343.6,977.2474242,29191.52601
1/2/2021,33242.7221,28963.7,29322.31737,32184.51293,75231131.61,2416.761245,31128.90516
1/3/2021,34774.11974,31993,32202.54739,33012.98212,74159597.66,2211.030527,33540.73893
1/4/2021,33563.78292,27973.97952,33026.02548,31996.26898,106105836.2,3389.289451,31306.21851
1/5/2021,34384.9794,29919.29655,32004.61557,33945.29023,73043152.36,2271.338527,32158.63751
1/6/2021,36925,33294.72233,33966.56514,36755.11736,79778429.79,2288.39422,34862.18813
1/7/2021,40311.3592,36300,36780,39430.3895,121815395.2,3184.210166,38256.07885
1/8/2021,41888,36596.80123,39426.44616,40600,135282228.2,3412.381736,39644.51774
1/9/2021,41352.32471,38750,40594.55489,40091.10956,87561841.46,2176.044455,40238.99479
1/10/2021,41292.90663,35135.50918,40093.11408,38181.90417,94618350.53,2434.321525,38868.46892
1/11/2021,38244.94945,30313,38181.90417,35438.70366,214401461.9,6350.095002,33763.50462
1/12/2021,36600,32551.48734,35410.25605,34063.08865,123543928.4,3552.591205,34775.72319
1/13/2021,37777,32400,34050.3021,37369.23926,100105463.6,2905.948399,34448.46566
1/14/2021,40080,36760.59789,37369.23926,39158.75643,90227201.91,2340.99379,38542.26453
1/15/2021,39710.34654,34444,39156,36745.86292,114048537.1,3083.142496,36991.00422
1/16/2021,37950.41608,35253.3,36757.87393,36011.10867,73372763.67,1992.367393,36826.92456
1/17/2021,36850,33872.68877,36001.80036,35835.93158,46710743.96,1317.816063,35445.57186
1/18/2021,37434.54181,34783,35823.85027,36610.62913,57078602.55,1580.752343,36108.50417
1/19/2021,37839.20019,35871.69897,36623.19903,35894.65613,66669346.94,1810.323247,36827.31637
1/20/2021,36404.87023,33408,35927.0214,35482.96897,83714667.66,2384.173298,35112.66053
1/21/2021,35596.45332,30096.53998,35482.96897,30841.82799,101844954.8,3130.932623,32528.63192
1/22/2021,33799.5,28863.9173,30856.51475,32969.66672,73663564.3,2365.206152,31144.66967
1/23/2021,33431.78722,31312.27306,32936.47282,32074.95376,33504806.7,1038.461819,32263.87922
1/24/2021,33057.11693,30923.06155,32074.3282,32220.31924,29504197.26,920.7463733,32043.7833
1/25/2021,34823.59486,31906.83051,32255.924,32275.90007,57954273.75,1737.661339,33351.88074
1/26/2021,32885,30833.68782,32216.10395,32490.94849,47735848.7,1497.628534,31874.29167
1/27/2021,32550.24295,29252.34117,32486.9226,30363.055,82984924.29,2693.071023,30814.23534
1/28/2021,33746.12141,29836.73469,30384,33350.57651,70325936.37,2214.341074,31759.30628
1/29/2021,38380,31912,33354.29245,34258.12206,138913414.3,3945.957715,35203.97945
1/30/2021,34922.0211,32862.57895,34258.12206,34291.45732,45466340.74,1339.818661,33934.69732
1/31/2021,34325.3236,32200,34275.54603,33103.96424,38154714.26,1143.711585,33360.43348
2/1/2021,34682.76665,32305.45772,33108.6158,33537.99227,63827664.31,1892.216726,33731.68804
2/2/2021,35960.52263,33437.31525,33515.65879,35489.92213,42379882.36,1224.630408,34606.26332
2/3/2021,37653.11591,35387.00885,35477.9787,37633.95781,46897938.65,1285.431938,36484.18658
2/4/2021,38682.562,36193.10469,37638.93256,36971.58281,64092942.63,1708.953556,37504.20391
2/5/2021,38296.78927,36551.6,36940.46011,38271.81086,39773990.75,1057.372583,37615.87108
2/6/2021,40934.27781,38230.28552,38291.98086,39200,65364217.16,1649.150973,39635.07175
2/7/2021,39694,37322.1146,39209.12676,38814.4078,58152820.67,1509.406647,38526.94089
2/8/2021,46599,38020.78637,38814.4078,46359.36505,112703779.2,2670.414859,42204.5956
2/9/2021,48108.90337,45001,46379.22127,46453.22694,97150926.77,2083.078757,46638.14388
2/10/2021,47300,43762.78,46472.74465,44816.95704,102666238,2255.562891,45516.90329
2/11/2021,48634.66608,44020.60311,44814.71615,47974.24888,76853632.98,1651.189379,46544.40851
2/12/2021,48982.14234,46161.55313,48006.69486,47340.41891,76997577.8,1620.504578,47514.56976
2/13/2021,48094.12335,46275,47307.9707,47150.79697,52356650.27,1112.322896,47069.65078
2/14/2021,49600,47037.00484,47157.96077,48577.40656,54746054.01,1123.127765,48744.27977
2/15/2021,48993.3066,45792,48601.67512,47925.742,79540907.27,1673.358934,47533.67952
2/16/2021,50300,47052.61747,47905.96355,49171.45502,94493974.1,1931.254879,48928.79502
2/17/2021,52594.101,48975.7711,49171.45501,52098.25632,89111580.99,1753.730692,50812.57993
2/18/2021,52522.0941,50928.1949,52112.70037,51586.06325,53673594.47,1036.038455,51806.56589
2/19/2021,56273.60404,50785.84799,51585,55878.33097,98422582.49,1829.059103,53810.4987
2/20/2021,57559.51283,54000,55902.76651,55872.9188,81627253.59,1451.108739,56251.64496
2/21/2021,58320,55484.4753,55872.9188,57415.48135,61000472.2,1070.427227,56987.03345
2/22/2021,57489.0736,48010,57413.78707,54115.72652,202277064.2,3763.519721,53746.7794
2/23/2021,54195.40809,45000,54117.67497,48893.56663,196287695.9,4042.649729,48554.21793
2/24/2021,51347.5478,47012.3723,48893.56663,49694.85028,82245597.34,1652.3301,49775.5245
2/25/2021,52019.28,46719.5058,49678.34545,47071.98876,82378324.68,1654.168363,49800.44748
2/26/2021,48448.57089,44122.21603,47046.15157,46310,95758046.51,2059.518789,46495.3498
2/27/2021,48388.98149,45000,46320,46121.94833,56930212.36,1209.947413,47051.80715
2/28/2021,46615.78217,43000,46116.19678,45170.08741,81218845.81,1818.373197,44665.66377
3/1/2021,49777,44953.20807,45170.08741,49601.29372,75908419.6,1594.460925,47607.57596
3/2/2021,50199.99999,47070.27511,49589.37945,48415.66421,58233785.48,1200.068109,48525.40039
3/3/2021,52605.81365,48112.9998,48415.66421,50384.4276,78667161.67,1556.797081,50531.41649
3/4/2021,51760.36455,47525,50381.70918,48358.98187,78293139.61,1585.667524,49375.50807
3/5/2021,49421.6543,46325,48373.49347,48732.36292,54720002.46,1149.740978,47593.33059
3/6/2021,49184.9377,47142.35712,48751.31063,48889.1772,36783745.19,760.4801278,48369.10768
3/7/2021,51445,48878.15011,48907.84575,50940.44048,39978191.07,795.8424419,50233.80128
3/8/2021,52386.42655,49284.87721,50976.19057,52386.42655,57147342.56,1126.438475,50732.76864
3/9/2021,54888,51860.78213,52372.57936,54887.34381,60133081.17,1115.093305,53926.50183
3/10/2021,57372.3742,53000,54876.63483,55858.02174,85139124.63,1529.071655,55680.27132
3/11/2021,58127.81469,54321,55892.18187,57790.97971,83617082.59,1486.398217,56254.83239
3/12/2021,58062.58144,55060,57825.55191,57248.20001,90422723,1596.982451,56620.98725
3/13/2021,61799,56000,57247.04971,61179.99858,82752895.75,1395.421473,59303.15491
3/14/2021,61707.47746,59000.84646,61183.63614,59000.84646,51441399.28,851.5578096,60408.58143
3/15/2021,60629.27547,54628.58981,59000.84646,55638.21084,97420249.17,1702.80221,57211.72348
3/16/2021,56912.99589,53297.88412,55600,56900.99599,76137441.24,1378.300611,55240.08379
3/17/2021,58973,54162.3617,56898.21344,58893.02454,57561281.52,1023.586111,56234.91851
3/18/2021,60081,57057,58913.3177,57662.26013,58499570.58,1000.033753,58497.5961
3/19/2021,59450,56305,57670.66865,58053,59440157.17,1020.086359,58269.73045
3/20/2021,59867.50334,57820.98,58039.83144,58075,51725689.84,880.3262056,58757.41232
3/21/2021,58593,55500,58080.62212,57369.42257,57023268.4,996.672574,57213.64257
3/22/2021,58470.14618,53700,57386.17488,54086.66063,56017082.84,992.5023716,56440.25087
3/23/2021,55832.1511,53000,54085.67559,54376.24805,49482544.9,905.9153501,54621.59891
3/24/2021,57200,51774.91254,54345.7744,52319.80548,67736271.23,1237.929392,54717.39478
3/25/2021,53217.8033,50483.38339,52316.18472,51328.05852,61408354.22,1185.606154,51794.90174
3/26/2021,55038.82958,51267.2378,51277.24689,55016.76872,35499019.8,666.9452281,53226.28952
3/27/2021,56645.32546,53967.74263,55008.35098,55855.27481,28802482.02,521.355309,55245.39891
3/28/2021,56517.7507,54700,55828,55773.96212,23791014.18,426.4100987,55793.73999
3/29/2021,58332.14237,54940.24588,55769.13415,57620.80945,44980119.87,786.8207656,57166.92014
3/30/2021,59360,57085,57614,58748,29649101.42,508.5258302,58304.02246
3/31/2021,59782.49073,56846.53152,58748,58743.33752,60032189.45,1025.147455,58559.56541
4/1/2021,59460.74743,57908.24288,58735.19224,58723.0209,39524002.59,672.1989958,58798.06848
4/2/2021,60111,58468.99,58749,58988.73813,41573475.45,700.7108357,59330.43037
4/3/2021,59790,56937.18842,58988,57066,52739135.9,897.3420142,58772.61408
4/4/2021,58468.88128,56467.05005,57066,58209,47306339.84,821.1345323,57610.94922
4/5/2021,59250,56816,58209,59113.17863,68743081.19,1183.535525,58082.82026
4/6/2021,59461.12798,57400,59117.87406,57987.69669,65477072.45,1121.704448,58372.83838
4/7/2021,58620.8628,55240.12939,57987.69669,55949.53214,83838784.43,1473.68872,56890.42965
4/8/2021,58148.60972,55717.63041,55945.49394,58069.50555,34203243.87,598.8458267,57115.27467
4/9/2021,58876.91845,57680,58069,58120.31584,24834850.88,426.6416927,58210.08896
4/10/2021,61246.06777,57885.9108,58128,59780.8457,63303607.48,1053.898684,60066.12256
4/11/2021,60666.66,59264.29411,59779.09233,60010.44136,30346166.54,507.4392827,59802.55683
4/12/2021,61227.56657,59350.2821,60010.44135,59849.87689,50600969.1,841.0494952,60164.07998
4/13/2021,63696.01387,59813,59847.88845,63562.9752,108754436.9,1753.887293,62007.65427
4/14/2021,64970,61347.84208,63573.51208,62957.99182,102807449.7,1619.616167,63476.42843
4/15/2021,63765.99636,62002.87142,62959.65513,63143.05905,58994342.2,937.6999071,62913.88295
4/16/2021,63528.39042,60000,63156.55066,61399.17733,94993695.11,1544.116076,61519.78895
4/17/2021,62550,59610,61396.10691,59996,51852065.2,846.1610813,61279.18944
4/18/2021,60343,51680.96595,59996,56170.2093,122020196.3,2200.343042,55455.07861
4/19/2021,57510.34659,54257,56143.97563,55614.39143,57661054.14,1025.653059,56218.8682
4/20/2021,57059.85297,53360.9311,55622.57636,56468.76363,92885725.61,1677.888389,55358.70336
4/21/2021,56760.94801,53610,56438.78313,53771.35422,44810542.69,809.7719614,55337.23669
4/22/2021,55470.54573,50431.04717,53771.94424,51711.1229,78899150.6,1481.677811,53249.86986
4/23/2021,52132.0971,47750,51682.04065,51130.62384,121240094.9,2444.616405,49594.73176
4/24/2021,51177.07446,48688,51122.81573,50021.51824,52908720.02,1061.135382,49860.48048
4/25/2021,50532.4291,47000,50090.43265,49093.37723,46790079.14,952.2398204,49136.86462
4/26/2021,54331.94195,48730.36408,49066.82058,54011.8843,61437343.7,1159.998542,52963.29388
4/27/2021,55400,53268.0258,53954.43535,55013.89901,57506962.83,1053.908413,54565.42726
4/28/2021,56312.97486,53806.14,55013.75075,54827,55079134.94,1004.037854,54857.62784
4/29/2021,55175.47199,52375.47641,54831,53550.93177,29214484.51,543.5792405,53744.6656
4/30/2021,57800,53050,53550.23737,57655.73573,38174093.28,684.6397442,55757.92759
5/1/2021,58363.08275,57001,57655.73573,57794.78993,30551809.59,528.3691017,57822.85431
5/2/2021,57892.5562,56079.39409,57799,56576.03748,27444998.88,483.32819,56783.36056
5/3/2021,58900,56458.0072,56566.5553,57164.6856,42715029.11,736.9153095,57964.63795
5/4/2021,58300,51050,57185.51049,53252.32475,90319488.96,1644.410405,54925.15049
5/5/2021,57948.32742,53000,53237.79127,57424,58125189.06,1040.539282,55860.63888
5/6/2021,58344.0766,55211.4318,57424,56405.75601,49439913.53,869.657399,56849.87397
5/7/2021,58615.06971,55246.82971,56407.51718,57313.91439,59516763.96,1046.387877,56878.30036
5/8/2021,59343.55102,56926.72561,57313.91439,58773.13755,64548811.7,1103.547299,58492.11153
5/9/2021,59175.52146,56250,58773.13755,58235.33738,56333426.46,972.8383163,57906.25792
5/10/2021,59383.46875,54275,58253.92484,55810.51115,65541611.79,1142.601875,57361.72257
5/11/2021,56814.00999,54487.0065,55821.72127,56659.75343,46422519.65,834.7871311,55610.00874
5/12/2021,57925.14765,48500,56658.08328,49560.08364,81451292.86,1482.678516,54935.2351
5/13/2021,51324,46250,49560.08364,49680.8,102643999.6,2079.842379,49351.81657
5/14/2021,51462.39752,48850,49680.8,49832,53966175.59,1074.354956,50231.23437
5/15/2021,50645.97488,46590.3704,49869.71685,46788.1454,75972485.77,1574.578986,48249.39648
5/16/2021,49779.9783,43867.29819,46778.19663,46395.31727,83046944.4,1766.620141,47008.94236
5/17/2021,46600,42142.85714,46418.76599,43533.07607,97679980.94,2217.152667,44056.4975
5/18/2021,45761.78812,42280.43473,43552.80556,42861.82151,63110844.68,1439.529184,43841.30962
5/19/2021,43548,30010,42833.31845,36645.5424,254215475.5,6695.376171,37968.81146
5/20/2021,42382.5272,34911.95337,36672.9453,40475.04969,124856318.4,3165.466634,39443.25841
5/21/2021,42200,33504.82031,40536.57569,37263.8795,113586754.9,2992.720045,37954.35364
5/22/2021,38808.26443,35207.70008,37250.55849,37448.70775,47949088.14,1285.590003,37297.34053
5/23/2021,38263.39339,31143.32767,37462.51153,34643.06183,146898181,4360.5826,33687.74186
5/24/2021,39903.97389,34391.33283,34655.78471,38795.91837,64966110.23,1744.665018,37237.01087
5/25/2021,39778.2374,36443,38795.91837,38329,59201276.39,1562.30608,37893.51982
5/26/2021,40841.16591,37818.7709,38341.57107,39233.81219,44123115.08,1123.826164,39261.51259
5/27/2021,40392.53429,37152.0847,39240,38495.73922,38767427.5,998.7342339,38816.56018
5/28/2021,38870.12201,34725,38548.80339,35671.78384,65104725.7,1786.095735,36450.86007
5/29/2021,37300,33632.3,35660.96428,34591,32954960.69,939.2581516,35086.15883
5/30/2021,36469.6126,33400,34598.82146,35660.36414,30749490.9,869.3629819,35370.14059
5/31/2021,37477.60278,34164.16218,35642.9454,37263.56006,35657055.66,993.9433897,35874.33252
6/1/2021,37884.4589,35696.69317,37261.691,36685,28514751.07,781.0749481,36507.06138
6/2/2021,38220.93491,35947.40446,36685,37575.9079,24198175.28,650.8433047,37179.7253
6/3/2021,39467.00001,37197.40414,37572.82744,39236.6777,33128544.15,858.9135457,38570.28955
6/4/2021,39275.29859,35600,39238.6398,36834.99643,48961251.49,1324.372189,36969.40474
6/5/2021,37910.7076,34823.08209,36833.15486,35509.43819,33339028.84,915.7392015,36406.6852
6/6/2021,36465.35533,35228.85797,35509.43819,35793.27803,20314980.78,564.6612683,35977.28748
6/7/2021,36811.5942,33368.94952,35793.27802,33559.5595,55294048.64,1555.031105,35558.16243
6/8/2021,34055.9168,31030.61224,33566.41393,33383.64978,53727751.35,1645.631939,32648.70479
6/9/2021,37521.75637,32408.16327,33379.52622,37350,68500082.83,1968.463827,34798.75113
6/10/2021,38420,35814.1037,37375.38378,36641.4,54164858.86,1460.142928,37095.58689
6/11/2021,37670.39391,35974.68861,36687.93345,37308.12438,29561895.71,798.988881,36999.13279
6/12/2021,37455.90096,34585.36221,37299.84514,35523.6657,37835117.25,1062.619173,35605.52852
6/13/2021,39344,34768.3408,35525.3422,39037.79556,39271733.91,1070.779201,36675.84679
6/14/2021,41021.88136,38736.11885,39017.16235,40514.95879,37449606.39,940.1368669,39834.20681
6/15/2021,41310.47588,39529.41176,40515.74503,40146.49688,26937273.25,669.0020726,40264.85769
6/16/2021,40481.5662,38113.01228,40146.88086,38336.70017,33589386.87,853.6962584,39345.82885
6/17/2021,39534.77481,37388.88,38353.75907,38080,27327447.91,706.9867268,38653.41013
6/18/2021,38193.87755,35148.32863,38101.21663,35807.81128,26847791.7,731.1155972,36721.67821
6/19/2021,36416.9317,34845.7654,35807.81128,35504,21513738.14,602.910455,35683.13995
6/20/2021,36112.368,33352.06841,35486.13954,35591.91136,27796266.99,799.239725,34778.38516
6/21/2021,35739.42925,31253.9,35596.8958,31636.94209,78641963.14,2401.848953,32742.26009
6/22/2021,33300,28826.53061,31613.89101,32500,101237421.4,3245.174081,31196.29914
6/23/2021,34825.52986,31707.10515,32508.12995,33658.55878,50338150.66,1491.289796,33754.77442
6/24/2021,35274.33248,32334.88783,33670.32141,34656.51041,30162092.68,893.1790366,33769.36924
6/25/2021,35498,31298.43283,34663.74383,31592.16009,39804797.06,1203.768843,33066.8112
6/26/2021,32702.78,30173,31592,32274.17886,46249652.41,1476.574633,31322.25854
6/27/2021,34730,32002.62607,32277.23643,34650.55904,44190274.59,1336.124535,33073.4699
6/28/2021,35287.95539,33880.5202,34708.87295,34460.17488,39754227.92,1152.515853,34493.43263
6/29/2021,36590.58347,34236.82079,34483.9005,35901.87903,57800830.2,1628.814316,35486.44535
6/30/2021,36100,34052.3916,35908.62687,35036.69607,26194492.73,752.993149,34787.15944
7/1/2021,35031.66757,32701.2084,35026.34475,33529.99069,31175160.98,929.0130071,33557.29225
7/2/2021,33970,32702.2857,33529.99069,33788.57151,27758629.45,833.7803248,33292.49758
7/3/2021,34944.04,33332.70044,33788.57151,34670.16896,16587762.26,482.2647643,34395.55093
7/4/2021,35951.09013,34374.22762,34669.43181,35298.76491,15114563.09,427.7730577,35333.13476
7/5/2021,35297,33150,35297,33684.95803,18656838.72,547.2245339,34093.5714
7/6/2021,35139.11019,33550,33714.58147,34228.44762,20379962.26,596.1306446,34187.07366
7/7/2021,35059.2006,33788.7546,34190.58717,33863.2693,18251343.54,527.6774495,34588.06807
7/8/2021,33919.5467,32100,33819.5306,32856.36198,28348434.65,862.6005952,32863.91733
7/9/2021,34082.0311,32284.59686,32877.50457,33834.27391,16623986.76,501.8142161,33127.77164
7/10/2021,34251.9124,33050,33820.57163,33503.84954,12149979.98,360.9208059,33663.83922
7/11/2021,34608.61226,33256.0592,33507.09321,34251.65501,14598771.84,431.2148226,33854.98613
7/12/2021,34657.92613,32665.8053,34251.65501,33107,16127117.51,478.8045368,33682.04825
7/13/2021,33323.18591,32209.12561,33090.01973,32718.51291,17665560.41,538.5645377,32801.19498
7/14/2021,33090.20645,31603.65664,32744,32814.99294,26370489.26,815.3053759,32344.30931
7/15/2021,33182.23562,31152.6816,32814.99294,31877.44832,31161452.22,974.3592997,31981.47976
7/16/2021,32237.85337,31034.77231,31877.44832,31384.85424,24950313.7,783.9564892,31826.14602
7/17/2021,31938.80277,31181.08318,31399.24649,31519.21046,15469010.29,490.7619377,31520.39533
7/18/2021,32409.61082,31019.12371,31520.35136,31777.83949,19149427.54,603.9114235,31709.00035
7/19/2021,31882.3781,30448.85352,31803.27517,30821.16333,17793129.8,575.0907701,30939.68939
7/20/2021,31053.42826,29302.6826,30840.13666,29787.96176,23019903.83,771.2974823,29845.68777
7/21/2021,32796.56476,29500,29797.93192,32136.39344,28010209.37,886.1711852,31608.12475
7/22/2021,32589.5712,31716.43421,32138,32292.47285,18319486.56,570.1227312,32132.53139
7/23/2021,33628.6073,31986.19264,32294.33456,33628.6073,22146800.6,679.1668838,32608.77573
7/24/2021,34484.47971,33400,33628.6073,34250.27539,17279464.12,511.2012428,33801.68645
7/25/2021,35388.99134,33867,34259.68307,35374.93627,24203191.75,703.1842919,34419.41469
7/26/2021,40519.09885,35245.64712,35379.5184,37244.8253,55125882.37,1443.62572,38185.71641
7/27/2021,39527.68072,36399,37240.75412,39471.47241,38334649.38,1015.07705,37765.26066
7/28/2021,40885.77834,38593.02059,39453.18262,39999.52656,30677188.91,769.9276961,39844.2465
7/29/2021,40620.81691,39250.98592,40012.22285,40016,20362717.65,510.2981503,39903.56939
7/30/2021,42282.59181,38330,40021.7301,42183.5194,30850935.19,763.9801553,40381.85413
7/31/2021,42359.0384,41050,42203.04212,41432.8523,30256501.1,726.8985345,41624.10525
8/1/2021,42577,39436.21868,41444.77552,39872.15847,39849532.74,968.4508405,41147.70836
8/2/2021,40468.68958,38671.94566,39851.99329,39157.55322,34704340.14,877.0716038,39568.42291
8/3/2021,39758.81866,37646.99929,39145.91664,38200,20564070.66,536.7320298,38313.47771
8/4/2021,39951.37284,37531.37656,38200,39729.71032,14634251.81,379.5010718,38561.81946
8/5/2021,41350,37349.8315,39742.03076,40855.24943,19987368.5,506.514335,39460.61763
8/6/2021,43320,39894.01715,40855.45607,42789.06339,32512599.23,787.6259026,41279.24072
8/7/2021,44689.46643,42492.27161,42836.09797,44603.34453,43221677.14,989.4185096,43683.9181
8/8/2021,45290.9248,43297.2598,44586,43777.87135,62335506.28,1402.460928,44447.23201
8/9/2021,46452.9697,42795.10555,43797,46309.98241,53307941.01,1192.696612,44695.3068
8/10/2021,46666,44647.24889,46260.02229,45583.64634,41199661.62,901.9631248,45677.76718
8/11/2021,46746,45357.14286,45559.65623,45543.63828,23122829.2,501.3510853,46121.03151
8/12/2021,46214,43800,45533.71753,44411.8794,30570262.95,678.8780353,45030.56714
8/13/2021,47862.84989,44231.215,44405.39825,47815.6065,38193130.43,827.3214066,46164.80381
8/14/2021,48183.3495,46019,47815,47056.7518,32595620.96,695.3527627,46876.3809
8/15/2021,47354.26166,45506.07531,47088.70862,46988.89203,23990909.15,516.8716648,46415.60138
8/16/2021,48034.42581,45665.09409,46989.1573,45931.96267,33262221.96,708.6252272,46939.08809
8/17/2021,47170.9376,44399.00413,45877.43569,44690.86338,29898764.61,655.0850813,45641.04032
8/18/2021,46018.50949,44221,44682.02931,44725.92728,28197212.15,625.2878783,45094.76856
8/19/2021,47026.49923,43935.29348,44693.74054,46775,44858709.64,995.5164497,45060.74174
8/20/2021,49390,46640.658,46772.84977,49314.90391,24155105.81,504.6778287,47862.42715
8/21/2021,49767.99999,48238.0894,49331.72408,48830.6165,33904957.51,691.3457509,49041.96991
8/22/2021,49498,48083.64477,48828.07514,49242.60117,24920986.03,509.3945385,48922.75858
8/23/2021,50500,49036.49431,49227.59392,49529.47444,46122016.98,924.7105853,49877.24561
8/24/2021,49855.01149,47565.39522,49482.43402,47708.36492,40685823.21,833.6782528,48802.78821
8/25/2021,49244.82106,47130,47672.38455,48975.50652,40712169.16,845.1694688,48170.42103
8/26/2021,49334.07481,46315.54965,48975.50652,46845.16547,37997519.12,806.2508446,47128.65651
8/27/2021,49142.8988,46365.49177,46839.49942,49069.51104,40025074.3,838.2701556,47747.22568
8/28/2021,49279.56152,48367.41841,49069.51104,48876.08537,34313600.77,702.2873961,48859.77017
8/29/2021,49615.52805,47800,48878.11267,48762.18629,30852910.67,634.4213833,48631.57435
8/30/2021,48868.04076,46859.57973,48761.60121,46980.97768,31035706.67,647.7343845,47914.24913
8/31/2021,48237.8006,46701.65408,46959.01589,47114.67376,48969958.44,1033.848665,47366.66023
9/1/2021,49131.3,46525.00001,47104.12334,48831.18677,39860102.85,836.4972723,47651.20482
9/2/2021,50390,48601.24727,48823.59729,49260,41831615.18,841.5007142,49710.73046
9/3/2021,51007,48333.53346,49248.14432,49980.26882,50163215.87,1007.165462,49806.33052
9/4/2021,50520.96891,49306.10838,49993.42357,49906.94354,46803863.2,936.453913,49979.88962
9/5/2021,52139.015,49466.97061,49924.41559,51777.91012,28381953.7,558.7469944,50795.71611
9/6/2021,52756.91009,50953.73415,51777.91012,52667.75088,32941124.54,635.5458676,51831.2308
9/7/2021,52920.95691,43000.0001,52691.46057,46833.21494,107180878,2215.831586,48370.4983
9/8/2021,47329.38783,44450,46812.77064,46085.22087,52389784.98,1139.327239,45983.08825
9/9/2021,47404.70269,45529.7994,46057.71585,46370.40014,16916331.8,364.0421503,46468.05812
9/10/2021,47015.8124,44159.52991,46372.71861,44839.67476,22733100.67,498.4350387,45608.95385
9/11/2021,45711.0725,44748.33831,44855.49291,45170.35279,8017036.75,177.1503444,45255.55272
9/12/2021,46435.1773,44752.5506,45161.21675,46027.93808,11906007.86,260.4201726,45718.45471
9/13/2021,46841.73314,43367.46859,46038.73615,44935.88318,26051239.88,581.1031876,44830.66077
9/14/2021,47248.93341,44674.56,44935.88318,47104.40633,17739719.31,383.8125489,46219.74804
9/15/2021,48428.96012,46708.58007,47105.27447,48130.98051,17956640.34,376.7634147,47660.25478
9/16/2021,48480,47043.19602,48126.16835,47764.0099,17091962.63,357.461956,47814.77397
9/17/2021,48139.99999,46780.84163,47755.2842,47277.20343,19203080.51,404.6125088,47460.42224
9/18/2021,48810.40946,47055.29044,47293,48291.07734,20360309.67,421.8274307,48266.9172
9/19/2021,48358.34011,46850.00001,48305.59662,47234.55317,21269882.41,446.5164312,47635.16173
9/20/2021,47316,42510,47241.63807,43000.20814,90638127.53,2051.395005,44183.65421
9/21/2021,43622.6093,39586.3137,43019.60216,40679.77676,75886133.31,1816.579221,41774.19429
9/22/2021,44005.94337,40583.50201,40679.77676,43572.25132,40740293.6,961.5102475,42371.14862
9/23/2021,44973.75305,43100,43541.20323,44878.38388,19130679.24,433.5427591,44126.39547
9/24/2021,45141.41627,40702.62698,44883.19549,42826.38019,52308930.28,1228.447529,42581.33055
9/25/2021,42950.71506,41675.02129,42820.74198,42666,17560559.73,413.1908062,42499.88013
9/26/2021,43900.47249,40755,42666.22624,43144.15737,22401039.36,525.006373,42668.12845
9/27/2021,44336.28353,42118.5179,43142,42181.95049,20331053.31,468.7942183,43368.82265
9/28/2021,42749.44512,40859.97528,42168.41279,41043.84554,22056734.87,526.8385858,41866.20999
9/29/2021,42570.79401,40760,40984.90479,41546.1686,13640961.08,326.2519824,41811.12091
9/30/2021,44109.6729,41432.45594,41516.80983,43815.40648,21156695.69,489.5464677,43216.93053
10/1/2021,48448.60093,43299.54319,43816.39333,48148.54766,38784568.53,833.2555898,46545.8246
10/2/2021,48316.36588,47437.16708,48157.97923,47668.20051,16805270.12,351.3067537,47836.45616
10/3/2021,49179.72435,47125,47654,48194.65398,16026692.09,332.9310886,48138.16626
10/4/2021,49465.75465,46906,48194.65398,49215.40706,22296969.31,462.3493259,48225.37432
10/5/2021,51880,49041.83535,49248.18471,51470.71299,21121772.75,419.7814254,50316.12043
10/6/2021,55733.72195,50415,51459.88685,55324.69633,43065418.73,806.1619061,53420.30975
10/7/2021,55331.21525,53396.00201,55321.9304,53780,36394251.61,669.7921558,54336.63457
10/8/2021,56052.18026,53634.74411,53789.30449,53964.44787,32868849.49,598.6118523,54908.45089
10/9/2021,55451.42113,53680.33203,53952,54941.67578,14243822.53,260.0116807,54781.47171
10/10/2021,56472,54137.24968,54953.71984,54695.91843,22514928.65,407.8563105,55203.09008
10/11/2021,57811.4942,54425.73395,54618.62597,57479.18082,32153636.14,567.1384032,56694.514
10/12/2021,57634.65343,53984.12667,57467.49244,55988.89122,32960638.95,586.4130265,56207.20799
10/13/2021,57745.65633,54275.51853,56039.16991,57380.25977,27746347.74,496.5916645,55873.56721
10/14/2021,58510,56829,57362.94317,57343.3237,22134567.78,384.0734008,57631.08754
10/15/2021,62888,56870.1216,57343.3237,61676.79999,56160802.39,932.9305594,60198.26645
10/16/2021,62377.58654,60000,61692.85263,60871.04355,18207956.75,297.4893609,61205.40478
10/17/2021,61683.5,59000,60877.13199,61519.97085,24752933.03,409.6224983,60428.64622
10/18/2021,62640.61559,59929.11523,61553.50852,62024.6156,29570552.47,479.9290846,61614.42059
10/19/2021,64444.444,61405.1601,62013.77768,64256.73411,38674999.09,615.6244609,62822.38856
10/20/2021,67190,63537.39692,64280.55945,66013,41542144.75,633.7451866,65550.23317
10/21/2021,66635.35096,62039.33314,66001.66409,62198.1783,67630667.75,1052.825061,64237.32702
10/22/2021,63720.51191,60035.46334,62183.58235,60688.18121,38690825.94,626.0175277,61804.70071
10/23/2021,61745,59700,60688.18121,61307.12629,22263350.81,365.0766514,60982.67506
10/24/2021,61468.918,59526.90585,61295.71953,60842.81225,27296902.27,451.3436302,60479.20131
10/25/2021,63709.77756,60656,60855,63071,31605353.92,503.2004973,62808.6699
10/26/2021,63275.45037,59868.123,63074,60311.26219,29805613.2,481.5060895,61900.8022
10/27/2021,61476.42,58101.5,60318.03102,58412.02537,46747276.96,789.4683457,59213.6179
10/28/2021,62350.237,58098,58409.10517,60589.78759,51903803.92,861.9862701,60214.18869
10/29/2021,62948.54871,60215.84763,60570.04863,62239,36582907.3,593.9438094,61593.21255
10/30/2021,62345.35113,60750,62243.04165,61825.89512,20943243.99,340.3076766,61542.08508
10/31/2021,62395.27023,60000,61844.48642,61294.48139,25895900.66,425.695442,60831.9895
11/1/2021,62419.48923,59500,61314.77913,60949.52504,29502791.02,482.6713417,61123.97499
11/2/2021,64241.94997,60650.2022,60892.53647,63208.06436,29327187.94,466.5873864,62854.6523
11/3/2021,63514.82322,60560.8286,63218.08934,62888.78411,25384498.34,406.4904551,62447.9567
11/4/2021,63063.84699,60700,62891.16609,61396.62009,21350436.82,346.7953059,61564.95332
11/5/2021,62571.42857,60737,61396.62009,60950,19746523.69,321.2648782,61464.93137
11/6/2021,61527.09576,60078.35597,60957.97095,61449.00839,18588250.73,305.389482,60867.35733
11/7/2021,63280,61325.91133,61466.31456,63267.28103,19158204.03,307.9773995,62206.52572
11/8/2021,67752.26591,62663.8488,63275.06892,67523.94776,37266636.05,568.2226884,65584.56184
11/9/2021,68500,66264.54609,67480.45854,66930.46662,32679018.73,484.8015511,67407.00119
11/10/2021,69000,62900,66957.99888,64969.46305,57471070.17,868.3085748,66187.38066
11/11/2021,65561.28184,64084.12661,64886.73444,64828.74903,12412479.45,191.3847539,64856.15597
11/12/2021,65434,62311.91623,64809,64117.68283,19092400.51,299.3760008,63773.98476
11/13/2021,64947.87309,63353.88597,64106.67535,64385.17768,13373616.83,208.801194,64049.52278
11/14/2021,65493.27378,63598,64448.85882,65493.27307,9807551.536,152.1549087,64457.67421
11/15/2021,66300,63416.24746,65496.54776,63619.62262,15710204.53,241.6399955,65014.91819
11/16/2021,63560,58500,63560,60107,48142865.29,794.0517875,60629.37713
11/17/2021,60804.40867,58413.67829,60059.65324,60354,19146382.48,320.702805,59701.32529
11/18/2021,60940,56441.68521,60343.31462,56895.24141,31433278.66,538.8393404,58335.15913
11/19/2021,58311.85531,55601,56925.27992,58060.32863,21834859.86,382.457339,57090.96842
11/20/2021,59840.86248,57387.17811,58056.65478,59694.21826,15438279.59,263.0203973,58696.13062
11/21/2021,60010,58316.875,59715.53608,58628.69936,16136096.91,272.9979499,59107.02596
11/22/2021,59389.31936,55618.2,58619.47014,56255.69205,23395887.96,407.6725836,57388.91675
11/23/2021,57834.28981,55386.71625,56250.06691,57535.7093,23662614.81,417.2524206,56710.55133
11/24/2021,57718.07956,55856.72526,57535.7093,57171.31765,13165132.59,232.1577655,56707.69857
11/25/2021,59378.9734,57023.37541,57131.84275,58944.9819,27963306.78,482.5194849,57952.69965
11/26/2021,59150.64646,53510,58936.41904,53734.5502,33269266.19,602.1817969,55247.87757
11/27/2021,55270.90301,53608.26611,53734.5502,54737.63088,10276853.83,188.0300894,54655.36853
11/28/2021,57420.26568,53305,54695.68865,57278.13691,12690178.03,231.7092916,54767.67006
11/29/2021,58867.48703,56706.94403,57289.18079,57778.5547,17379834.45,301.6319983,57619.33266
11/30/2021,59154,55900,57772.25899,56869.03221,20399023.56,355.8831873,57319.43596
12/1/2021,59020.40191,56484.02988,56979.06599,57194.86546,20683562.53,360.0818482,57441.28073
12/2/2021,57363,55800,57189.1467,56493.55104,13647849.78,240.8618483,56662.56351
12/3/2021,57575.33374,51700,56482.25442,53709.26144,30615267.69,558.5981538,54807.31986
12/4/2021,53845.4805,42000,53659.68153,49168.43827,58502418.9,1221.679532,47886.87818
12/5/2021,49681.07022,47755.02521,49196.94195,49383.59608,21537193.47,439.5483057,48998.46771
12/6/2021,50878.3965,47050,49398.92633,50460.51281,29363600.16,604.1071617,48606.60828
12/7/2021,51933.32,50040,50464.74,50594.2,295.5918694,15075125.02,50999.79592
12/8/2021,51750,48649.99,50607.07,50467.71,428.8724254,21435193.94,49980.35004
12/9/2021,50778.25,47334.52,50477.15,47584.79,487.0528551,23802876.09,48871.23819
12/10/2021,50113.89,46899.9,47537.2,47162.95,639.1176987,30927033.72,48390.20071
12/11/2021,49470.33,46770,47162.95,49363.6,383.2386359,18510704.87,48300.72737
12/12/2021,50764.82,48650.64,49369.68,50073.3,347.390672,17249959.18,49655.79267
12/13/2021,50194.29,45750,50065.79,46730.53,570.6297351,27216200.01,47695.02592
12/14/2021,48630.51,46307.49,46714.54,48374.87,427.6679595,20180670.09,47187.70635
12/15/2021,49474,46552.79,48366.94,48871.21,540.137467,26051094.13,48230.48895
12/16/2021,49418.98,47536.98,48861.43,47653.44,328.6203313,15953486.55,48546.86406
12/17/2021,47989.99,45475.2,47611.01,46155.21,504.9861458,23609115.98,46752.00731
12/18/2021,47324.91,45513,46148.09,46831.42,525.0272666,24495163.3,46655.03082
12/19/2021,48279.64,46431.99,46829.07,46691.45,575.9835129,27130834.5,47103.49149
12/20/2021,47523.17,45574.69,46695.3,46899,423.2370021,19647193.95,46421.25772
12/21/2021,49320.21,46655.98,46925.71,48891.85,400.7384684,19384689.47,48372.41992
12/22/2021,49639.73,48439.16,48890,48595.3,297.9830229,14598465.82,48990.93136
12/23/2021,51368,48034.52,48591.69,50800,271.5084582,13452501.98,49547.26665
12/24/2021,51803.2,50418.02,50821.93,50785.15,312.3373445,15947544.33,51058.71779
12/25/2021,51183.3,50165.9,50808.01,50398.88,162.8833314,8272354.057,50786.98958
12/26/2021,51265.3,49428.51,50411.86,50779.91,199.2349393,9993196.743,50157.85274
12/27/2021,52080.93,50453.58,50778.79,50668.9,257.1683329,13152337.77,51142.91336
12/28/2021,50697.57,47308.43,50695.03,47544.75,432.9806003,21128112.58,48796.90352
12/29/2021,48127.44,46103.9,47557.33,46467.99,223.2995143,10560490.82,47292.94131
12/30/2021,47891.15,45931.1,46446.19,47123.57,329.6061737,15554828.17,47192.16267
12/31/2021,48550,45680,47116.34,46203.93,565.8922599,26757384.53,47283.53157
1/1/2022,47927.69,46202.84,46202.84,47725.86,311.6115223,14699209.16,47171.58419
1/2/2022,47981.04,46650,47717.61,47317.51,324.7702587,15343438.17,47243.97557
1/3/2022,47566.39,45702.93,47295.06,46445.38,299.8398251,13997504.86,46683.27448
1/4/2022,47520.33,45538.05,46452.06,45843.7,455.4866221,21177831.76,46494.95887
1/5/2022,47047,42500,45827.66,43424.71,535.8980893,24139036.75,45044.08064
1/6/2022,43773.01,42361.73,43441.14,43111.86,397.9940724,17124083.17,43025.9754
1/7/2022,43139.99,40675.05,43084.63,41517.65,684.6653263,28587432.23,41753.87759
1/8/2022,42300.5,40543.29,41569.59,41685.08,307.162401,12743559.88,41488.02015
1/9/2022,42799.29,41233.2,41680.64,41847.52,167.9314913,7042620.883,41937.46408
1/10/2022,42235.66,39640.84,41849.6,41829.16,726.7971109,29869656.03,41097.65378
1/11/2022,43111.3,41274.49,41856.09,42713.34,317.3767579,13398030.09,42214.90628
1/12/2022,44300,42471.5,42702.71,43909.98,299.1322812,12966067.85,43345.59882
1/13/2022,44453.77,42320.05,43881.23,42535.7,230.8727071,10018933.88,43395.92152
1/14/2022,43451.84,41749.89,42560.3,43063.99,309.5491023,13181717.94,42583.609
1/15/2022,43795.31,42563.19,43063.99,43075.38,111.9957966,4834512.435,43166.90966
1/16/2022,43461,42635,43085.51,43078.82,127.9453492,5509851.103,43064.09836
1/17/2022,43174.54,41555,43070.84,42236.06,236.6534428,10060633.4,42512.09399
1/18/2022,42672.73,41290.32,42202.66,42366.85,325.8385045,13663068.37,41932.02516
1/19/2022,42559.35,41135.05,42362.84,41664.9,379.791858,15899930.32,41864.85304
1/20/2022,43498,40574.92,41662.79,40700,495.1676084,20800090.71,42006.16187
1/21/2022,41100,35470.18,40662.19,36460.54,1689.493899,64325999.35,38074.1235
1/22/2022,36816.95,34012.1,36448.53,35057.14,1273.125143,44907097.08,35273.12091
1/23/2022,36505.21,34621.1,35067.66,36262.64,435.1999054,15440751.35,35479.67534
1/24/2022,37500.74,32924.5,36249.95,36686.09,1247.321003,43242031.16,34667.92514
1/25/2022,37525.06,35700,36668.85,36926.94,382.6377717,14015524.37,36628.70057
1/26/2022,38896.64,36248.7,36975.15,36782.46,690.1450427,25944948.3,37593.47194
1/27/2022,37222.36,35530,36802.7,37164.64,422.5184951,15361885.38,36357.90044
1/28/2022,38007.76,36162.58,37161.24,37729.31,421.160947,15573679.96,36977.97735
1/29/2022,38888,37300.94,37700,38114.81,180.931674,6861614.357,37923.7875
1/30/2022,38371.44,37358.4,38154.98,37913.17,167.4039825,6343929.643,37895.93024
1/31/2022,38782.15,36644.21,37890.43,38467.44,275.4844352,10353834.67,37584.10039
2/1/2022,39300.54,38011.74,38463.59,38700.86,345.9555454,13364048.07,38629.37955
2/2/2022,38845.71,36611,38700.87,36885.03,303.2086889,11434677.48,37712.23548
2/3/2022,37350,36262.05,36897.05,37314.47,293.1304087,10771956.12,36747.99954
2/4/2022,41738.85,37030.5,37295.22,41554.95,570.9704088,22375742.26,39188.97007
2/5/2022,41964.58,40943.5,41559.1,41391.1,293.2348952,12167146.05,41492.83134
2/6/2022,42645,41076,41385.01,42373.22,219.3486421,9147963.778,41705.13066
2/7/2022,44500,41655.61,42378.45,43837.46,463.4618745,20038521.66,43236.6129
2/8/2022,45517,42677.71,43826.76,44025.88,463.0002298,20308596.63,43863.03791
2/9/2022,44795.91,43125.05,44030.28,44378.75,212.6244984,9358565.91,44014.52316
2/10/2022,45800,43200,44372.09,43487.65,457.2389983,20366211.15,44541.71939
2/11/2022,43900.77,41955,43502.66,42373.88,308.3703954,13264305.9,43014.20011
2/12/2022,42999.11,41709,42348.64,42190.69,160.1900714,6782384.934,42339.60866
2/13/2022,42738.33,41843.49,42216.1,42052.86,105.8504964,4478280.226,42307.59776
2/14/2022,42805.85,41548.55,42052.86,42520.65,181.400985,7664243.499,42250.28602
2/15/2022,44761.38,42443.25,42529.15,44543.99,210.829162,9273333.618,43985.06133
2/16/2022,44555.95,43319.35,44555.95,43876.31,164.0957121,7213765.204,43960.71728
2/17/2022,44153.81,40078.56,43869.73,40493.58,330.5444231,13902403.5,42059.10772
2/18/2022,40955.09,39455,40466.74,39988.89,247.0287381,9919769.929,40156.33972
2/19/2022,40431.02,39633.44,39978.2,40072.58,123.102235,4927403.256,40026.91954
2/20/2022,40117.24,38000,40074.59,38352.1,225.0399802,8750964.122,38886.26418
2/21/2022,39493.6,36801.84,38381.84,37005.62,568.7302954,21657912.86,38081.16613
2/22/2022,38420,36355.45,37016.49,38241.76,407.2690906,15276936.26,37510.66952
2/23/2022,39216.14,37060.83,38234.11,37255.02,329.242875,12594434.38,38252.71658
2/24/2022,39774.14,34336,37253.16,38350,1234.779304,44460950.74,36007.20436
2/25/2022,39670.49,38000.46,38358.7,39209.63,304.6538445,11873299.43,38973.08256
2/26/2022,40283.21,38578.4,39215.52,39109.31,187.038641,7363999.284,39371.53972
2/27/2022,39858.91,37006.95,39115.18,37680.84,301.0147131,11624879.36,38618.97393
2/28/2022,44183.03,37452.42,37700.01,43181.96,484.2253416,19790492.08,40870.41791
3/1/2022,44949.97,42851.34,43181.96,44401.95,436.3360969,19137134.48,43858.70117
3/2/2022,45297.73,43308.16,44401.95,43893.69,353.856121,15643173.98,44207.72469
3/3/2022,44078.99,41840.67,43906.86,42460.57,347.2912271,14875979.6,42834.30861
3/4/2022,42525.16,38567.4,42422.2,39139.64,444.7016241,18136422.34,40783.35081
3/5/2022,39591,38601,39142.95,39381.61,160.2065531,6270150.721,39137.91665
3/6/2022,39679.05,38109.99,39381.61,38396.82,316.7532522,12296836.56,38821.50057
3/7/2022,39531.92,37110,38400.74,38003.85,426.836716,16267765.62,38112.38587
3/8/2022,39355.63,37870.51,37988.8,38738.3,414.5323914,16038808.82,38691.32823
3/9/2022,42549.07,38657.72,38720.2,41939.04,594.8029025,24761346.33,41629.49815
3/10/2022,42018.88,38572,41970.72,39422.76,855.6512871,33838306.81,39546.84265
3/11/2022,40230.08,38230.01,39389.26,38728.12,350.8182224,13684740.11,39008.06525
3/12/2022,39410,38666.51,38728.12,38804.6,164.3284916,6417448.088,39052.55885
3/13/2022,39304.28,37584.21,38804.6,37770.27,190.1364877,7339742.658,38602.49417
3/14/2022,39905.84,37574.7,37761.64,39657.09,398.2855438,15475759.33,38855.94034
3/15/2022,39878.96,38138.44,39659.91,39280.33,409.0272582,15981031.64,39070.82308
3/16/2022,41682,38867.8,39281.81,41112.22,843.2402884,33965866.54,40280.17519
3/17/2022,41443.31,40500,41112.22,40918.02,215.8789294,8834012.333,40921.14204
3/18/2022,42308.47,40150.08,40907.99,41754.81,243.3148423,9986990.104,41045.54416
3/19/2022,42375.08,41512.4,41755.21,42205.57,178.2799373,7471468.073,41908.63081
3/20/2022,42275.25,40919.25,42196.26,41250.3,201.8345172,8375150.875,41495.13667
3/21/2022,41531.5,40500,41260.15,41000.44,221.0573176,9073899.709,41047.72377
3/22/2022,43300,40880.46,40992.25,42357.18,382.1829706,16226490.92,42457.38866
3/23/2022,43005.95,41714.17,42357.41,42889.16,198.9670715,8405754.865,42246.96481
3/24/2022,44213,42620,42898.78,43985.86,366.8889968,15898169.23,43332.36855
3/25/2022,45091,43591.17,43993.94,44311.63,258.3874048,11471574.27,44396.80133
3/26/2022,44780.99,44080.16,44311.63,44515,87.15314812,3867576.769,44376.7879
3/27/2022,46913,44432.06,44506.72,46845.65,207.9073838,9483934.537,45616.15064
3/28/2022,48175.99,46674.35,46817.56,47089.36,238.1912361,11291341.51,47404.52124
3/29/2022,48085,46958.71,47075.27,47423.17,199.2062971,9469605.686,47536.67842
3/30/2022,47688.82,46550.06,47420,47039.69,172.6643942,8142921.299,47160.39655
3/31/2022,47590.82,45218,47009.11,45516.6,286.6391114,13337805.81,46531.70233
4/1/2022,46710.6,44231.81,45496.01,46285.8,247.4032572,11240772.42,45435.02194
4/2/2022,47183.22,45623.64,46280.31,45826.79,329.0151437,15266497.1,46400.59096
4/3/2022,47428.31,45536.79,45813.05,46399.99,286.1176907,13307313.03,46509.92741
4/4/2022,46887.05,45133.01,46406.5,46600.44,346.8825256,15925635.1,45910.74477
4/5/2022,47172.61,45384.29,46586.32,45482.07,129.9809953,6006531.203,46210.84175
4/6/2022,45503.37,43110,45498.63,43154.3,314.4812356,13934127.93,44308.29681
4/7/2022,43888.64,42750,43150,43457.92,126.0967202,5467715.545,43361.28281
4/8/2022,43954.11,42121.96,43436.2,42273.84,184.9474199,7966913.48,43076.6403
4/9/2022,42793.87,42127.2,42271.73,42744.79,60.47622708,2566692.121,42441.3401
4/10/2022,43406.06,41902.55,42746.83,42130.75,117.7282402,5014001.422,42589.62346
4/11/2022,42395.84,39208.49,42091.84,39523.45,397.8851933,16204686.63,40727.04112
4/12/2022,40675.9,39265,39529.42,40065.73,296.086398,11859510.57,40054.22285
4/13/2022,41543.94,39593.28,40072.01,41135.51,317.6586774,12947179.98,40758.14986
4/14/2022,41477.68,39567.05,41150.48,39909.55,132.6240246,5359048.34,40407.82473
4/15/2022,40834.27,39777.68,39916.78,40554.85,189.3375837,7625251.482,40273.31148
4/16/2022,40682.32,40010.18,40549,40364.43,70.45463326,2843887.534,40364.80502
4/17/2022,40578.01,39556.16,40374.32,39694.19,75.66332906,3037752.813,40148.28386
4/18/2022,41063.07,38550,39676.21,40799.79,310.78431,12337998.38,39699.55363
4/19/2022,41730,40581.68,40794.99,41489.56,206.2195727,8474323.155,41093.68983
4/20/2022,42181.87,40891.43,41487.48,41355.72,128.2260912,5326397.028,41539.10469
4/21/2022,42965.31,39800,41349.3,40480.21,299.9213646,12519208.15,41741.63506
4/22/2022,40789.99,39188,40480.57,39718.46,216.2150808,8629932.816,39913.64887
4/23/2022,39970.7,39297.36,39716.47,39436.93,87.06652864,3457553.209,39711.62355
4/24/2022,39921.76,38990.32,39438.93,39464.2,114.8970691,4542817.595,39538.15037
4/25/2022,40573.71,38200,39443.84,40428.07,545.6380705,21484751.4,39375.46253
4/26/2022,40773.9,37713,40428.07,38124.09,421.8532988,16512487.04,39142.72351
4/27/2022,39478.02,37880,38118.37,39237.3,355.3879312,13793025.26,38811.18081
4/28/2022,40364.51,37501,39235.25,39743.68,707.0140473,27990593.46,39589.86892
4/29/2022,39927.2,38183.67,39743.15,38595.06,237.112338,9220447.418,38886.40927
4/30/2022,38775,37575.5,38610.55,37628.64,120.8607264,4633054.324,38333.82823
5/1/2022,38673.1,37410,37626.76,38480.05,188.980594,7199824.293,38098.22025
5/2/2022,39152.73,38065.89,38480.05,38518.01,297.0901531,11488264.16,38669.2862
5/3/2022,38648.52,37502.8,38521.86,37725.91,240.5862225,9171429.287,38121.17416
5/4/2022,40000,37670.18,37732.59,39682.71,821.4566013,32050431.83,39016.58563
5/5/2022,39823.41,35592.37,39693.97,36549.24,1505.280942,55968213.16,37181.24079
5/6/2022,36654.44,35289.8,36547.65,36011.49,1328.471638,47822756.02,35998.32669
5/7/2022,36131.95,34785.94,36011.49,35469.78,220.295034,7848388.526,35626.71561
5/8/2022,35507.6,33720,35469.78,34051.92,449.5475291,15478188.87,34430.59492
5/9/2022,34232.1,30042.3,34048.53,30085.67,1884.878558,60173450.26,31924.31151
5/10/2022,32621.66,29758.87,30085.67,31019.11,1584.357903,49487469.21,31235.03164
5/11/2022,32146.03,27768.81,31015.52,29105.02,1646.361959,50104329.51,30433.36202
5/12/2022,30190.99,26753.16,29125.64,28972.88,1440.068627,40733263.48,28285.6405
5/13/2022,31048.32,28773.51,29003.96,29338.22,441.6120103,13337451.14,30201.74005
5/14/2022,30323.04,28676,29288.57,30088.15,180.3442522,5294334.988,29356.82687
5/15/2022,31440.47,29509.29,30082.03,31316.1,173.45498,5253146.494,30285.35989
5/16/2022,31317.66,29138.68,31317.66,29864.26,269.2355368,8043015.01,29873.52675
5/17/2022,30771.78,29465.33,29865.75,30446.79,222.3266999,6726397.044,30254.56253
5/18/2022,30690.03,28660,30446.79,28720.38,241.8141909,7109423.452,29400.35664
5/19/2022,30525,28687.87,28705.17,30292.59,337.5409439,10041837.38,29749.98312
5/20/2022,30639.41,28724.89,30317.41,29207.22,290.8407075,8611412.267,29608.68972
5/21/2022,29646.21,28968.11,29202.84,29452,133.1752585,3911683.238,29372.44711
5/22/2022,30470,29267.1,29452,30297.87,184.3615767,5528573.185,29987.66491
5/23/2022,30652.54,28888,30287.27,29105.63,282.5552478,8446654.234,29893.81475
5/24/2022,30000,28695.15,29102.08,29652.03,221.8546662,6487243.202,29240.95902
5/25/2022,30214.61,29351.37,29649.06,29551.92,317.8881283,9465489.549,29776.16559
5/26/2022,29876.35,28066,29545.6,29201.98,463.9481818,13476425.51,29047.26442
5/27/2022,29386.26,28285.81,29215.2,28648.96,198.0042933,5715254.06,28864.29362
5/28/2022,29247.95,28529.84,28641.51,29029.21,80.29006781,2320682.462,28903.73026
5/29/2022,29560.09,28843.05,29038.46,29466.76,49.30087762,1438585.909,29179.72211
5/30/2022,32217.38,29309.58,29466.59,31718.8,271.3156704,8342029.718,30746.58277
5/31/2022,32402.98,31234.87,31736.25,31804.66,169.5665991,5384854.497,31756.57545
6/1/2022,31969.33,29356.48,31811.89,29789.07,239.6004222,7341129.199,30639.04952
6/2/2022,30674.6,29600,29789.68,30450.95,104.0938845,3128476.1,30054.36982
6/3/2022,30675.9,29295.55,30450.95,29699.52,156.5059096,4666988.928,29819.88948
6/4/2022,29958.44,29483.94,29699.52,29866.59,87.78968517,2608056.837,29708.00991
6/5/2022,30163,29546.74,29839.12,29912.5,70.15360555,2097199.077,29894.38762
6/6/2022,31748.46,29899,29916.95,31370.83,175.5337659,5485437.861,31250.04373
6/7/2022,31564.12,29234.11,31374.99,31128.8,332.234477,10107386.57,30422.44942
6/8/2022,31309.88,29860.04,31125.68,30213.19,163.7714348,4985502.735,30441.83341
6/9/2022,30691.58,29958.41,30205.48,30103.37,125.0460478,3785507.337,30272.90669
6/10/2022,30363.96,28863.37,30093.1,29091.04,247.6126259,7291809.042,29448.45407
6/11/2022,29428.81,28120.5,29091.04,28408.99,177.801516,5092090.155,28639.18301
6/12/2022,28528.14,26578.6,28423.19,26600,263.1032774,7240280.362,27518.77679
6/13/2022,26872.75,21965.1,26594.42,22486.87,1137.699906,27487738.04,24160.79838
6/14/2022,23304.62,20861.28,22475.48,22150.54,889.6657061,19532030.23,21954.34768
6/15/2022,22787.15,20119,22134.12,22578.23,1032.770431,21839001.03,21146.0363
6/16/2022,22975.22,20237.21,22570.53,20395.16,382.2010103,8150614.167,21325.46474
6/17/2022,21347,20256.11,20401.64,20456.19,219.0731775,4546432.138,20753.0296
6/18/2022,20759.39,17567,20454.92,18980.13,1053.032395,19786683.87,18790.19484
6/19/2022,20808.3,17978.28,18972.54,20583.65,435.6986251,8425833.806,19338.67431
6/20/2022,21048.43,19648.63,20577.87,20575.78,258.6725041,5274266.695,20389.74615
6/21/2022,21719.92,20368.4,20570.86,20724.54,225.6954857,4764850.407,21111.85517
6/22/2022,20886.14,19790.1,20717.05,19978,220.6775012,4477218.542,20288.51386
6/23/2022,21216.29,19897.41,19977.01,21100.17,272.3063378,5610014.876,20601.85202
6/24/2022,21540.38,20749.25,21105.3,21239.04,213.481218,4510140.051,21126.63631
6/25/2022,21599,20919.67,21243.26,21485.16,97.35451045,2069073.785,21252.9833
6/26/2022,21873,20985.82,21484.25,21048.43,101.9784904,2185209.944,21428.14564
6/27/2022,21532.95,20526.99,21039.38,20730.3,176.9177208,3702950.048,20930.35131
6/28/2022,21200.07,20210.67,20730.3,20270.57,155.7717721,3217287.792,20653.85628
6/29/2022,20419.58,19855.5,20280.19,20111.77,164.8611112,3314735.624,20106.23124
6/30/2022,20161.51,18616.3,20116.48,19932.26,333.8415202,6429913.488,19260.37685
7/1/2022,20864.21,18991.89,19939.94,19271.66,268.0211633,5279649.204,19698.62804
7/2/2022,19437.41,18987.12,19275.8,19248.21,79.2351887,1524506.486,19240.27078
7/3/2022,19629.56,18790.63,19248.63,19312.51,121.5840347,2332019.645,19180.31138
7/4/2022,20322,19060.26,19315,20228.76,192.2966654,3790277.042,19710.57082
7/5/2022,20738.04,19311.27,20236.53,20204.76,351.1573927,7026927.335,20010.76293
7/6/2022,20664.23,19778.23,20178.5,20558.37,262.258183,5313994.494,20262.45447
7/7/2022,21830.23,20281.35,20558.37,21622.85,280.3047267,5881741.058,20983.38165
7/8/2022,22476.96,21200,21629.51,21614.56,410.164947,8908980.964,21720.4835
7/9/2022,21954.14,21343.59,21590.08,21593.72,147.9179172,3197953.38,21619.78373
7/10/2022,21597.32,20664.23,21591.93,20853.71,124.4035289,2627865.33,21123.72014
7/11/2022,20853.78,19893.57,20853.78,19966.38,259.2970786,5293085.782,20413.21024
7/12/2022,20050.62,19251.19,19964.97,19329.29,314.3392852,6193021.88,19701.71141
7/13/2022,20338.52,18942.5,19348.57,20239.1,538.6305286,10560911.79,19606.96847
7/14/2022,20883.66,19623.24,20235.03,20581.94,201.0809684,4065408.685,20217.76958
7/15/2022,21189.18,20391.15,20581.94,20823.77,205.9967119,4295408.376,20851.8298
7/16/2022,21572.24,20483.58,20822.86,21203.03,214.7915412,4519323.683,21040.51053
7/17/2022,21651.13,20740,21192.53,20790.15,180.3359693,3826222.083,21217.18755
7/18/2022,22756,20768.94,20790.11,22464.36,325.2179266,7141704.624,21959.7508
7/19/2022,23794,21596.83,22445.3,23399.15,373.9210294,8434621.117,22557.22587
7/20/2022,24256.9,22930,23408.55,23218.67,205.3494807,4842564.033,23582.06125
7/21/2022,23418.82,22351.89,23215.18,23149.67,182.8338094,4184933.558,22889.27618
7/22/2022,23737.08,22515.73,23146.81,22682.06,194.9669189,4510801.034,23136.23799
7/23/2022,22991.36,21960.67,22678.51,22456.49,231.804017,5161666.031,22267.37094
7/24/2022,23011.47,22276.39,22459.28,22585.67,328.6568867,7447759.67,22661.2007
7/25/2022,22660.24,21275,22583.96,21298.57,240.0077149,5259472.309,21913.76353
7/26/2022,21335.81,20734.39,21298.57,21253.38,210.9442733,4441561.59,21055.61588
7/27/2022,23086.05,21046.58,21251.86,22956.38,306.3339366,6741119.461,22005.78733
7/28/2022,24181.91,22609.03,22968.88,23850.6,205.055209,4761193.644,23219.08167
7/29/2022,24446.37,23438.93,23842.83,23771.7,230.2935484,5500684.246,23885.53341
7/30/2022,24647.5,23516,23776.45,23638.52,159.5063062,3851678.368,24147.499
7/31/2022,24169.73,23223.68,23640,23302.51,106.3970472,2516970.06,23656.39015
8/1/2022,23294,23257.36,23292.9,23287.55,0.08353006,1945.067255,23285.83573
8/2/2022,23350,22300,23349.98,22936.45,42.609931,981530.2155,23036.85496
8/3/2022,24500,22650,22948.04,22834.67,72.523161,1700202.456,23450.3445
8/4/2022,23200,22441.9,22800,22624.49,55.259586,1257507.607,22758.85984
8/5/2022,23420,22609.09,22624.49,23197.42,376.487741,8675316.716,23043.95044
8/6/2022,23252.89,22832.27,23197.45,22947.6,766.155384,17731663.12,23143.80661
8/7/2022,23355.73,22837,22947.6,23091.53,572.618821,13212639.84,23074.72696
8/8/2022,24192.1,23104.81,23111.33,23807.73,677.930728,16118130.33,23780.06203
8/9/2022,23855.4,22950.53,23807.9,23156.02,760.401492,17772657.54,23376.72068
8/10/2022,24165.99,22700,23156.03,23935.22,968.202724,22652219.65,23405.82214
8/11/2022,24875.99,23844.35,23963.79,23932.67,638.695176,15604258.25,24433.20284
8/12/2022,24426.36,23606.21,23932.7,24400.83,153.929789,3685202.429,23941.60598
8/13/2022,24845,24286.27,24385.04,24402.45,105.662286,2590133.904,24513.82517
8/14/2022,25026,24168.21,24424.97,24322.86,132.659974,3251544.229,24511.81614
8/15/2022,25190,23786.8,24301.4,24101.84,189.864092,4614397.308,24308.47124
8/16/2022,24258.1,23693.27,24092.9,23865.56,148.727336,3563113.227,23957.88133
8/17/2022,24425.74,23157.38,23864.06,23333.99,426.994516,10116957.21,23697.50933
8/18/2022,23587,23120,23331.4,23199.22,180.968565,4234783.665,23400.98529
8/19/2022,23203.22,20800,23189.25,20841.61,756.376528,16488152.78,21814.44586
8/20/2022,21373.69,20764.85,20849.84,21136.38,481.079609,10187072.9,21176.13746
8/21/2022,21766.71,21077.55,21138.5,21521.57,419.862517,8991501.479,21416.47151
8/22/2022,21536.62,20906.8,21522.65,21400.73,451.904726,9601259.734,21247.10107
8/23/2022,21678.02,20897.11,21398.58,21522.47,433.781825,9282845.377,21400.96801
8/24/2022,21885.58,21155,21525.34,21370.39,1114.978872,23904965.6,21440.53607
8/25/2022,21811.68,21318.54,21367.62,21562.58,214.132126,4626221.114,21604.89398
8/26/2022,21862.66,20117.84,21553.7,20256.14,599.919373,12601887.15,21016.68746
8/27/2022,20366.18,19820.87,20244.27,20035.03,474.800437,9557583.205,20130.32785
8/28/2022,20155.57,19537.16,20033.57,19562.36,198.043974,3952483.973,19958.3174
8/29/2022,20420.08,19559.7,19563.74,20294.92,380.047428,7611476.194,20029.95771
8/30/2022,20576.76,19553.85,20290.05,19795.36,366.293978,7350452.709,20071.65897
8/31/2022,20479.99,19810.39,19810.39,20055.11,417.911755,8445133.67,20208.86249
9/1/2022,20204.12,19570.8,20047.83,20127.61,391.620501,7811114.07,19946.51598
9/2/2022,20434.45,19762.71,20133.66,19952.43,315.469651,6347077.684,20120.86107
9/3/2022,20047.12,19660.04,19952.42,19828.29,219.329753,4347502.021,19822.08607
9/4/2022,20012.03,19589.49,19828.3,19995.8,181.154343,3589659.544,19815.78787
9/5/2022,20054.6,19644.41,19998.75,19786.69,233.876259,4632221.02,19806.60217
9/6/2022,20170.87,18666,19795.95,18784.19,541.095409,10498503.63,19412.20292
9/7/2022,19446.12,18534.83,18787.96,19280.18,396.106424,7502393.866,18942.75744
9/8/2022,19446.38,19014.13,19289.05,19317.93,300.290497,5779882.445,19247.97529
9/9/2022,21588.39,19293.83,19316.96,21363.67,538.173517,11122940.37,20684.7925
9/10/2022,21798.92,21119,21362.1,21647.82,414.487537,8870981.101,21403.44925
9/11/2022,21849.38,21356.01,21645.65,21831.09,298.47883,6452897.93,21619.53617
9/12/2022,22464.3,21550.32,21822.39,22398.11,439.520644,9715487.062,22107.26044
9/13/2022,22785.26,19901.93,22397,20177.16,730.255472,15733850.77,21577.76429
9/14/2022,20528.4,19640.84,20177.16,20221.54,428.500045,8643589.747,20173.48415
9/15/2022,20325.08,19501,20216.09,19702.71,496.980835,9924766.329,19972.05551
9/16/2022,19885.03,19338.16,19702.9,19799.88,364.80667,7173274.187,19664.07429
9/17/2022,20181.92,19755.46,19795.73,20109.03,245.434924,4904331.712,19982.79407
9/18/2022,20109.03,19341.67,20109.03,19413.8,272.485046,5388569.873,19778.08962
9/19/2022,19675.65,18246.98,19407.33,19532.36,492.606786,9329244.584,18947.1419
9/20/2022,19631.26,18725.5,19534.42,18872.41,392.133272,7516635.536,19170.91947
9/21/2022,19911.94,18152.68,18870.56,18454.36,875.779387,16691227.18,19065.44214
9/22/2022,19533.66,18356.25,18447.24,19403.09,461.586623,8779082.43,19023.63325
9/23/2022,19491.63,18544.38,19403.58,19287.78,500.125226,9499014.111,18997.1646
9/24/2022,19304.18,18816.67,19282.2,18924.37,204.619898,3897527.685,19048.17408
9/25/2022,19186.5,18641.71,18919.87,18803.87,200.925823,3802073.21,18923.36041
9/26/2022,19312.04,18690.01,18804.43,19226.31,378.330089,7204747.833,19044.70194
9/27/2022,20376.55,18827.11,19226.32,19080.16,699.622815,13748524.57,19664.43263
9/28/2022,19774.99,18483.32,19081.16,19409.99,543.246207,10395700.36,19142.54766
9/29/2022,19644.73,18851.12,19417.53,19585.77,395.665995,7647025.597,19328.46315
9/30/2022,20171.49,19142.96,19601.53,19421.94,494.276404,9658845.913,19544.04485
10/1/2022,19476.05,19163.96,19413.91,19305.78,125.668071,2426271.792,19307.15027
10/2/2022,19391.96,18931.83,19305.79,19055.32,131.05905,2514270.147,19185.0076
10/3/2022,19712.2,18964.9,19056.46,19625.11,247.893391,4803609.793,19379.27859
10/4/2022,20455.22,19494.45,19625.12,20333.74,328.639767,6591408.017,20058.95688
10/5/2022,20355.76,19730.8,20334.84,20155.41,766.796913,15399998.24,20084.41696
10/6/2022,20444.04,19858.03,20147.63,19960,480.151717,9681761.385,20164.93577
10/7/2022,20054.27,19322.83,19961.98,19524.05,380.655654,7503419.311,19713.99915
10/8/2022,19616.73,19252.75,19524.05,19409.26,115.054673,2239707.913,19466.73573
10/9/2022,19546.43,19320.15,19404,19443,201.92314,3927888.693,19452.52545
10/10/2022,19521.94,19034.41,19436.35,19131.85,283.779721,5474582.461,19292.24558
10/11/2022,19264.15,18862.35,19117.84,19060.57,377.422042,7194050.867,19061.25175
10/12/2022,19236.94,18985.63,19060.57,19155.55,283.921577,5424865.984,19107.02291
10/13/2022,19499.57,18181.14,19152.21,19374.19,729.407598,13693764.89,18781.62892
10/14/2022,19947.84,19079.92,19369.07,19180.82,441.257755,8614828.003,19526.22555
10/15/2022,19220.46,18989.3,19175.01,19070.17,108.262741,2069535.445,19115.96931
10/16/2022,19416.33,19070.18,19070.18,19258.67,119.942524,2305048.332,19218.27233
10/17/2022,19671.37,19158.37,19258.3,19548.95,269.908011,5245392.965,19434.83232
10/18/2022,19697.63,19101,19547.67,19328.19,456.319871,8877149.569,19454.9551
10/19/2022,19350.88,19080.01,19325.01,19125.17,366.785928,7041636.63,19198.32014
10/20/2022,19341.92,18913.05,19124.18,19050.84,456.160493,8728765.814,19135.63695
10/21/2022,19242.89,18666.77,19044.04,19159.25,477.456651,9087273.429,19033.36617
10/22/2022,19249.92,19109.3,19159.25,19198.68,145.288793,2786387.421,19178.31066
10/23/2022,19686,19073.88,19198.68,19561.18,260.722081,5057978.254,19401.3464
10/24/2022,19596.99,19164.44,19566.11,19333.15,381.926696,7398038.134,19370.6429
10/25/2022,20405,19242.38,19329.13,20081.26,324.155306,6438528.775,19868.75265
10/26/2022,21007.57,20054.85,20081.27,20770.21,487.957845,10059432.77,20618.15819
10/27/2022,20864.12,20207.61,20744.22,20285,356.620982,7336466.618,20573.22923
10/28/2022,20738.91,20010.43,20285,20592.54,380.340013,7752234.496,20384.35912
10/29/2022,21051.74,20290.7,20591.1,20809.19,368.510492,7667531.62,20807.29935
10/30/2022,20923.93,20516.52,20809.19,20616.47,230.593801,4771123.641,20690.90042
10/31/2022,20825.83,20239.55,20620.07,20493.62,327.46105,6707739.099,20484.98781
10/31/2022,20825.83,20239.55,20620.07,20493.62,327.46105,6707739.099,20484.98781
11/1/2022,20681.05,20340.39,20487.23,20478.99,360.808062,7392129.548,20487.93792
11/2/2022,20787.13,20059.6,20481.17,20151,336.022471,6859480.568,20415.08625
11/3/2022,20380.97,20037.4,20150.34,20203.48,134.309831,2716606.163,20226.71832
11/4/2022,21287.65,20179.51,20201.92,21143.9,381.871978,7946640.464,20813.06727
11/5/2022,21461.92,21080.01,21143.9,21297.59,152.6071,3254445.595,21325.80391
11/6/2022,21357.29,20892.21,21298.12,20911.01,108.073361,2288863.541,21179.39092
11/7/2022,21063.91,20398.12,20898.85,20588.52,273.714732,5679130.585,20748.96984
11/8/2022,20671.54,17200.83,20588.51,18543.5,1275.711947,24254018.18,19046.47682
11/9/2022,18583.04,15591.83,18540.37,15899.8,819.855465,14029430.77,17162.17246
11/10/2022,18179.4,15768.46,15905.27,17595.79,702.534816,11896378.32,16954.49488
11/11/2022,17700.11,16400,17595.79,17093.55,396.421403,6771123.297,17086.10368
11/12/2022,17107.53,16649.43,17060.26,16817.18,276.792664,4664721.31,16853.01476
11/13/2022,16949.99,16247,16805.55,16329.05,371.387208,6179530.028,16640.74211
11/14/2022,17157.16,15831,16329.05,16619.34,545.038321,8992131.454,16503.37625
11/15/2022,17100,16534.2,16610.89,16896.68,543.513889,9148812.264,16833.43702
11/16/2022,17003.06,16400.64,16893.47,16662.55,553.835896,9256867.407,16715.67369
11/17/2022,16745.12,16423.03,16662.04,16693.08,397.10606,6591215.018,16598.45947
11/18/2022,16982.59,16560,16684.52,16704.49,242.992984,4067223.809,16738.44023
11/19/2022,16816.6,16560,16698.95,16703.41,190.6565,3173817,16646.87529
11/20/2022,16753.8,16194.61,16703.38,16280.84,234.452666,3887279.473,16581.03897
11/21/2022,16299.77,15516.08,16279.96,15779.36,299.324432,4789699.417,16003.72492
11/22/2022,16300,15623.03,15781.3,16223.46,240.338521,3832679.275,15949.26727
11/23/2022,16685.46,16158.41,16223.46,16624.01,246.588963,4064821.086,16484.837
11/24/2022,16815,16463,16604.23,16603.8,184.256338,3057339.212,16593.09089
11/25/2022,16617.32,16355.1,16598.34,16517.48,166.514115,2746182.942,16492.30934
11/26/2022,16686.63,16399.72,16520.62,16458.62,135.934744,2251562.187,16563.7499
11/27/2022,16596.38,16403.86,16458.63,16425.29,143.862916,2378807.788,16535.31807
11/28/2022,16485.39,16004.99,16421.79,16209.04,179.860781,2914183.004,16202.6951
11/29/2022,16535.46,16104.49,16209.03,16435,168.094388,2759791.551,16418.57898
11/30/2022,17233.34,16429.49,16434.14,17158.95,260.586445,4406522.072,16911.35842
12/1/2022,17280,16873.24,17159.81,16964.95,299.031207,5101295.466,17059.83064
12/2/2022,17097.52,16808.65,16973.61,17089.6,256.697142,4353661.248,16960.43575
12/3/2022,17149.1,16858.9,17089.19,16886.12,220.493449,3742018.276,16971.22539
12/4/2022,17185.68,16886.06,16886.1,17117.17,348.782873,5933423.958,17011.98405
12/5/2022,17400,16885.36,17107.31,16967.94,336.123896,5768465.718,17162.93632
12/6/2022,17099.92,16916.03,16966.42,17086.63,241.599049,4106733.15,16998.17806
12/7/2022,17125.19,16717,17085.84,16834.53,145.821029,2459720.025,16868.62188
12/8/2022,17287.36,16725,16834.08,17220.47,123.161883,2087236.554,16948.70784
12/9/2022,17328.88,17066.51,17220.47,17129.66,111.900942,1923274.566,17187.42059
12/10/2022,17218,17105.19,17128.85,17123.99,99.652726,1709677.858,17156.37792
12/11/2022,17400,17077.03,17122.17,17090.89,139.830939,2400503.569,17167.33335
12/12/2022,17232,16880.26,17086.19,17206.02,123.784,2105840.952,17012.60664
12/13/2022,17950,17090.01,17205.83,17778.59,170.010143,2975434.911,17506.05932
12/14/2022,18362.68,17664.2,17776.7,17795.92,223.555101,4006800.92,17924.66179
12/15/2022,17849.66,17293.82,17803.59,17361.05,168.592248,2963314.675,17577.94341
12/16/2022,17525.2,16537.41,17361.05,16635.22,192.730738,3286686.235,17056.21115
12/17/2022,16791.87,16583.76,16634.96,16777.41,69.436184,1159068.621,16692.62611
12/18/2022,16831.45,16672,16775.05,16746.31,33.181043,555219.7616,16733.08512
12/19/2022,16812.62,16284.96,16747.65,16443.27,71.563979,1188698.554,16611.08938
12/20/2022,17040.26,16400.86,16443.26,16900.55,124.480982,2091225.286,16800.20373
12/21/2022,16957.84,16700,16900.55,16826.82,124.880817,2104663.922,16853.53564
12/22/2022,16860.23,16565.9,16825.19,16820.62,74.505488,1247251.096,16740.84406
12/23/2022,16919.22,16771.09,16822.85,16782.93,119.003287,2002616.761,16828.29072
12/24/2022,16867.7,16780.04,16782.93,16834.23,88.841911,1495282.135,16830.82986
12/25/2022,16857.97,16692,16833.86,16831.87,100.352814,1686606.81,16806.8177
12/26/2022,16969.04,16797.34,16831.92,16919.46,122.995698,2072607.085,16851.08231
12/27/2022,16968.25,16605,16922.59,16706.51,140.212246,2352963.202,16781.85001
12/28/2022,16778.55,16469.6,16706.53,16599.5,179.534805,2983659.013,16619.03492
12/29/2022,16739.89,16491.77,16599.5,16638.05,215.087471,3572821.617,16611.10174
12/30/2022,16655.63,16346.92,16636.98,16612.57,261.42644,4331262.701,16568.00586
12/31/2022,16638.87,16470.55,16612.35,16540.71,221.747338,3678292.83,16587.8096
1/1/2023,16624.87,16501.62,16538.44,16616.42,136.246488,2256861.127,16564.6005
1/2/2023,16800,16550.33,16616.31,16675.54,194.050137,3238795.903,16690.67092
1/3/2023,18974.78,16611.51,16675.16,16675.31,360.399575,6038542.176,16758.94786
1/4/2023,18000,16658.82,16675.27,16853.53,228.05894,3843236.455,16852.60224
1/5/2023,16950,16761.19,16853.54,16828.48,221.824707,3734069.026,16833.46794
1/6/2023,17130.54,16684.9,16824.24,16954.74,232.957415,3919125.667,16823.62797
1/7/2023,17500,16903.21,16954.73,16944.42,178.406614,3024289.461,16952.05811
1/8/2023,17155.46,16914.64,16944.46,17130.05,187.978356,3186681.602,16952.44538
1/9/2023,17391.53,17108.84,17126.87,17174.31,367.907197,6343400.721,17242.04711
1/10/2023,17488.31,17137.85,17167.94,17440.02,348.172285,6020397.328,17291.93032
1/11/2023,17992.97,17318.56,17440.71,17939.64,343.091497,5993707.378,17470.42294
1/12/2023,19100,17913.31,17945.96,18848.32,324.834187,5959688.054,18352.24767
1/13/2023,19975.33,18709.8,18848.27,19919.92,342.95536,6556504.258,19123.10187
1/14/2023,21200,18830,19928.53,20961.15,399.355737,8279107.75,20736.09749
1/15/2023,21025,20568.11,20938.9,20868.19,188.649274,3923696.587,20799.32167
1/16/2023,21437.56,20642.34,20870.23,21179.4,291.085448,6127032.681,21050.15114
1/17/2023,21555,20863.13,21179.37,21133.49,185.982585,3940333.93,21187.13334
1/18/2023,21628,20427.01,21134.13,20686.66,314.366573,6624806.336,21076.62166
1/19/2023,21182.7,20665.92,20677.21,21069.59,205.069611,4288449.668,20913.03283
1/20/2023,22734.05,20869.55,21068.56,22670.95,231.517006,4961058.534,21440.35951
1/21/2023,23342.93,22451.94,22661.48,22788.91,280.429465,6435948.053,22952.84831
1/22/2023,23075.01,22318.63,22788.91,22709.09,231.161776,5258694.836,22750.22864
1/23/2023,23170,22513.71,22708.91,22910.76,234.360285,5357674.977,22861.41195
1/24/2023,23154.85,22469.5,22904.12,22635.69,233.222817,5343210.251,22911.06922
1/25/2023,23787,22339.85,22636.66,23059.58,189.90895,4330258.237,22806.84262
1/26/2023,23261.76,22860,23073.63,23003.65,132.343042,3052406.214,23064.65923
1/27/2023,23487.36,22537.69,23003.65,23075.07,132.919372,3054512.506,22981.25173
1/28/2023,23180.23,22891.62,23073.04,23020.22,98.645664,2271018.639,23022.09459
1/29/2023,23941.36,22970.7,23013.08,23744.9,165.127628,3878893.982,23492.54504
1/30/2023,23791.22,22524.95,23744.91,22823.48,159.022932,3686847.82,23188.79
1/31/2023,23284.16,22724.31,22823.45,23125.33,124.278207,2855156.83,22974.67
2/1/2023,23791.48,22752.24,23125.31,23733.22,156.094212,3625218.76,23227.67
2/2/2023,24246.92,23387.67,23726.63,23495.04,185.757492,4422186,23807.22
2/3/2023,23699,23228.66,23495.04,23431.44,127.83252,3000810.05,23474.92
2/4/2023,23574.01,23261.09,23427.04,23321.01,103.964584,2432227.52,23394.89
2/5/2023,23426.25,22760.21,23321,22938.16,122.278543,2830387.96,23148.7
2/6/2023,23150.47,22636.55,22936.94,22762.12,126.684235,2901100.8,22900.73
2/7/2023,23334.31,22743.87,22759.06,23251.95,103.97872,2390316.64,22989.28
2/8/2023,23428.11,22682.62,23251.95,22960.41,121.228229,2797802.99,23080.14
2/9/2023,23006.94,21704.14,22960.35,21800.44,172.85988,3877408.8,22436.24
2/10/2023,21932.73,21477.95,21807.9,21631.84,124.253808,2704215.57,21764.17
2/11/2023,21899.97,21600.77,21622.44,21859.91,93.309352,2025199.99,21704.29
2/12/2023,22076.65,21634.18,21856.69,21784.02,94.869603,2073202.67,21853.53
2/13/2023,21885.15,21365.4,21783.36,21775.69,129.621763,2807315.92,21658.34
2/14/2023,22289.72,21556.24,21770.94,22198.93,163.369648,3577765.43,21901.59
2/15/2023,24348,22048.94,22198.94,24328.01,208.003491,4774934.35,22980.73
2/16/2023,25230,23500.1,24326.47,23515.04,260.392717,6396056.47,24567.16
2/17/2023,25250,23304.04,23513.21,24575.5,220.560989,5329184.29,24169.82
2/18/2023,24850,24433.05,24571.58,24624.17,111.956998,2755287.56,24610.36
2/19/2023,25178.74,24183.67,24619.96,24285.77,158.65987,3909984.86,24645.09
2/20/2023,25100,23848.17,24269.33,24829.92,155.404127,3832025.18,24661.59
2/21/2023,25259.43,24157.9,24832.08,24450.59,169.13133,4173080.1,24675.76
2/22/2023,24470.34,23591.67,24458.35,24186,145.883679,3498859.05,23985.64
2/23/2023,24729.74,23619.15,24186.01,23937.95,165.841007,4000947.88,24128.22
2/24/2023,24126.68,22872.01,23942.81,23183.52,202.252668,4732078.83,23402.93
2/25/2023,23212.21,22761.01,23171.37,23156.4,106.410683,2451617.88,23039.47
2/26/2023,23667.29,23069.07,23161.37,23560.63,115.533321,2692949.59,23310.05
2/27/2023,23883.42,23128.52,23554.44,23492.07,141.068871,3307946.1,23450.09
2/28/2023,23593.5,23029.43,23494.36,23136.03,123.790767,2890987.61,23354.38
3/1/2023,23985.05,23030.84,23140.56,23631.74,128.472364,3031203.41,23595.67
3/2/2023,23792.17,23207.01,23631.73,23466.53,99.861241,2339079.47,23423.67
3/3/2023,23474.48,22050,23468.93,22352,280.330702,6273835.84,22381.97
3/4/2023,22406.47,22184.44,22350.39,22358.65,236.802244,5289965.32,22339.26
3/5/2023,22649.97,22224,22360.99,22423.38,83.307169,1868978.26,22434.99
3/6/2023,22592.14,22300,22423.38,22405.32,103.911263,2329234.44,22415.72
3/7/2023,22559.55,21950,22401.36,22199.64,169.150997,3768294.74,22278.77
3/8/2023,22274.96,21600,22199.11,21702.16,259.761313,5723888.62,22035.7
3/9/2023,21839.9,20080,21702.17,20356.73,196.200761,4148560.57,21160.13
3/10/2023,20448.24,19625.03,20358.57,20161.29,335.447542,6701999.95,19980.07
3/11/2023,20664.23,19783.71,20158.64,20460.09,143.779797,2909446.76,20236.67
3/12/2023,22100,20272.52,20450.45,21981.89,136.40521,2832452.89,20777.22
3/13/2023,24451.16,21826.1,21984.65,24101.53,280.143388,6497814.78,23224.91
3/14/2023,26336.36,23972.11,24112.22,24690.97,329.840152,8255335.03,25044.28
3/15/2023,25155.22,23415.85,24679.3,24274.61,166.350797,4082344.64,24543.92
3/16/2023,25132.75,24142.45,24268.5,24997.72,154.417333,3808264.18,24664.3
3/17/2023,27702,24892.91,24995.57,27384.12,252.428543,6707205.9,26587.6
3/18/2023,27702,26600,27386.7,26905.78,189.486454,5178629.52,27331.03
3/19/2023,28600,26835.07,26907.93,27955.25,145.956264,4061679.06,27835.7
3/20/2023,28600,27146.09,27955.25,27718.1,182.65062,5088328.2,27860.98
3/21/2023,28420,27344,27726.95,28108.27,147.299617,4111102.35,27911.8
3/22/2023,28800,26648,28100.37,27250.91,163.581695,4565484.95,27923.56
3/23/2023,28724.99,27118.91,27247.1,28287.79,102.322761,2858115.46,27939.15
3/24/2023,28364.71,27012.53,28290.72,27440.7,121.678317,3393323.83,27890.83
3/25/2023,27768.22,27168.79,27440.71,27470.19,56.716039,1559023.59,27488.68
3/26/2023,28163.21,27419.02,27455.24,27968.27,63.340255,1761298.61,27808.03
3/27/2023,28018.37,26534.93,27968.27,27116.04,90.128873,2463170.04,27335.37
3/28/2023,27496.84,26666.66,27123.98,27259.81,132.149336,3574055.04,27046.55
3/29/2023,28622.44,27257.14,27267.64,28350.29,82.735538,2329165.77,28156.59
3/30/2023,29169.99,27700,28342.85,28032.83,128.841348,3662349.39,28429.58
3/31/2023,28649.01,27536.84,28022.38,28469.67,90.453509,2549140.67,28184.2
4/1/2023,28795,28253,28469.64,28455.58,46.130657,1311730.49,28435.43
4/2/2023,28518.21,27855.88,28455.58,28171.86,41.90102,1180239.74,28168.31
4/3/2023,28490,27234.02,28173.04,27802.75,147.625139,4126064.56,27952
4/4/2023,28400,27675.38,27802.76,28164.56,86.558183,2434270.5,28124.19
4/5/2023,28769.43,27823.33,28160.03,28173.02,117.426683,3322966.6,28300.22
4/6/2023,28173.22,27727.28,28173,28014.35,60.85636,1702781.22,27980.62
4/7/2023,28089.07,27795,28017.27,27909.12,32.044834,893867.85,27894.43
4/8/2023,28139.99,27856.46,27903.57,27926.9,52.256217,1462107.98,27979.69
4/9/2023,28490,27800.03,27926.89,28319.67,45.313105,1275769.74,28156.09
4/10/2023,29912.36,28172.55,28326.58,29642.3,105.538418,3066734.61,29065.39
4/11/2023,30525.43,29592.6,29641.87,30203.37,178.651231,5379705.91,30113.45
4/12/2023,30457.46,29666,30203.71,29886.18,126.777227,3805783.03,30020.23
4/13/2023,30567.2,29876.85,29886.13,30383.74,81.039608,2452283.22,30260.98
4/14/2023,30972.97,30030,30380.65,30469.65,158.753842,4839987.85,30489.45
4/15/2023,30567.2,30200,30469.65,30298.12,26.137478,793404.23,30355.28
4/16/2023,30541.07,30131.81,30294.72,30304.37,56.368032,1709207.91,30322.59
4/17/2023,30306.31,29257.7,30304.37,29427.34,128.537372,3814731.58,29680.58
4/18/2023,30465.44,29131,29430.65,30383.04,131.644765,3943911.07,29963.33
4/19/2023,30399.19,28614,30376.97,28782.58,296.065666,8676283.01,29309.06
4/20/2023,29076.01,28036.88,28791.26,28240.45,181.756684,5189881.01,28556.74
4/21/2023,28350.37,27168.33,28240.45,27265.56,120.144247,3350871.37,27893.5
4/22/2023,27871.92,27160,27264.97,27815.64,54.515704,1500032.55,27516.84
4/23/2023,27813.2,27358.39,27810.13,27593.32,59.246957,1632575.76,27555.77
4/24/2023,27977.53,26990.37,27584.92,27511.41,86.330088,2373977.56,27500.31
4/25/2023,28384.5,27177.71,27511.39,28299.91,83.847322,2320128.21,27675.17
4/26/2023,29993.65,27399.31,28297.74,28419.76,375.806631,10779325.98,28700.07
4/27/2023,29856.16,28384.56,28419.76,29474.99,241.258007,7036195.54,29168.47
4/28/2023,29570.08,28907.59,29473.01,29312.99,90.181326,2640952.35,29285.66
4/29/2023,29428.08,29050.03,29308.93,29227.56,33.642724,984604.94,29266.68
4/30/2023,29928.12,29082.66,29231.21,29226.2,110.861196,3266850.01,29469.38
5/1/2023,29347.96,27687.82,29226.94,28075.15,168.422535,4777422.64,28369.74
5/2/2023,28878.94,27899.7,28064.29,28669.21,50.17904,1421141.87,28324.81
5/3/2023,29250,28131.2,28666.57,29017.94,57.304562,1641828.66,28653.46
5/4/2023,29360.94,28682.23,29017.95,28841.04,52.68366,1527797.13,29000.17
5/5/2023,29656.26,28755.15,28841.01,29503.66,149.127159,4364454.88,29267.73
5/6/2023,29800,28376.6,29501.57,28845.33,66.927397,1941788.49,29017.87
5/7/2023,29100,28404.33,28848.92,28412.59,42.336547,1221923.42,28862.63
5/8/2023,28621.67,27165.83,28429.37,27670.03,128.294118,3556974.89,27728.94
5/9/2023,27810.51,27343.36,27664.49,27633.22,59.522145,1642823.59,27600.46
5/10/2023,28309.88,26810,27627.9,27599.99,97.148316,2686678.47,27660.51
5/11/2023,27613.33,26721.14,27596.02,26972.8,65.280728,1777409.99,27229.47
5/12/2023,27095.36,25828.72,26965.16,26798.62,93.36828,2466211,26416.31
5/13/2023,27021.77,26688.1,26798.62,26775.18,34.990284,938626,26825.48
5/14/2023,27185.04,26577.06,26775.13,26914.93,40.513921,1089729.52,26898.18
5/15/2023,27651.55,26734.64,26920.3,27177.46,62.081324,1698239.85,27355.81
5/16/2023,27302.33,26869.75,27161.38,27033.13,48.771989,1318797,27040.29
5/17/2023,27500,26548,27036.48,27397.29,54.136995,1456235.59,26901.28
5/18/2023,27466.95,26367.29,27403.44,26819.44,51.047698,1378268.44,27003.7
5/19/2023,27193.69,26640.47,26825.2,26877.65,41.289303,1109244.12,26865.27
5/20/2023,27142.92,26822.18,26877.65,27107.04,35.947328,968758.55,26949.59
5/21/2023,27261.56,26679.13,27098.09,26725.9,39.82254,1071731.87,26913.49
5/22/2023,27073.37,26546.6,26720.5,26846.61,40.30182,1080206.55,26803.31
5/23/2023,27471.27,26800.01,26848.25,27204.58,49.540987,1349939.26,27249.39
5/24/2023,27214.37,26100,27211.26,26330.98,115.348216,3057467.53,26508.28
5/25/2023,26620,25891.01,26327.37,26498.76,51.143243,1346806.06,26334.93
5/26/2023,26910.83,26333.3,26498.76,26705.93,85.251102,2260737.44,26519.03
5/27/2023,26878.13,26567.29,26706.14,26856.16,39.013309,1042352.26,26717.94
5/28/2023,28235.16,26769.82,26856.16,28064.96,126.630639,3475176.54,27446.51
5/29/2023,28415.13,27500,28064.97,27736.66,59.940426,1670174.6,27865.18
5/30/2023,28020.34,27476.9,27735.29,27690.9,48.778384,1353855.4,27755.57
5/31/2023,27821.42,26860.88,27693.73,27211.46,67.863943,1844140.01,27175.76
6/1/2023,27336.76,26635.39,27210.55,26815.36,98.288676,2640143.71,26861.39
6/2/2023,27291.61,26529.97,26815.36,27241.1,54.99785,1488043.52,27057.27
6/3/2023,27312.68,26937.2,27245.24,27073.9,37.657393,1022352.75,27148.92
6/4/2023,27438.24,26966.91,27072.28,27118.31,42.04864,1142135.46,27162.54
6/5/2023,27129.47,25428.54,27118.29,25720.54,151.066946,3954983.15,26190.41
6/6/2023,27330.16,25370.01,25730.78,27217.65,103.111052,2707702.36,26273.56
6/7/2023,27300,26143.06,27225.04,26339.28,93.609959,2507666.55,26792.79
6/8/2023,26798.69,26222.71,26339.11,26491.33,55.487728,1468559.76,26466.72
6/9/2023,26763.64,26282.96,26498.12,26476.04,55.422007,1470141.79,26526.54
6/10/2023,26532.34,25367.29,26475.22,25837.34,99.978105,2576123.23,25769.03
6/11/2023,26236.91,25640.68,25838.75,25925.39,56.729513,1470588.97,25923.75
6/12/2023,26093.75,25630,25922.96,25905.39,67.756706,1754828.55,25899.29
6/13/2023,26408.38,25735.5,25907.78,25927.1,78.832603,2049317.13,25996.51
6/14/2023,26080,24820.88,25936.73,25137,139.248091,3580276.55,25716.86
6/15/2023,25745,24801.31,25137,25595.93,146.772496,3684470.07,25105.21
6/16/2023,26494.69,25209.24,25595.92,26344.94,125.666131,3249048.64,25859.84
6/17/2023,26761.79,26187.89,26345.06,26509.82,63.061326,1671605.99,26508.3
6/18/2023,26680,26276.13,26493.28,26338.73,65.944771,1748663.12,26517.24
6/19/2023,27050,26267.77,26338.18,26839.48,66.238798,1758281.4,26545.75
6/20/2023,28375.68,26659.64,26839.47,28295.56,146.231814,4003918.46,27389.29
6/21/2023,30755,28251.96,28301.21,30005.35,207.457048,6069175.46,29270.07
6/22/2023,30473,29568.12,29996.89,29889.31,81.87294,2461896.65,30070.48
6/23/2023,29913.15,29879.01,29887.9,29895.36,0.024076,719.57,29887.51
